City_ID,City,Lat,Lng,Max Temp,Humidity,Cloudiness,Wind Speed,Country,Date
0,Sri Aman,1.2376,111.4621,298.15,94,100,0.63,MY,1612117510
1,Semnan,35.5729,53.3971,279.5,54,100,1.31,IR,1612117214
2,Ushuaia,-54.8,-68.3,285.15,58,75,1.54,AR,1612117452
3,Albany,42.6001,-73.9662,264.82,52,100,1.53,US,1612117477
4,Nara,34.6851,135.8049,275.93,68,0,1.08,JP,1612117511
5,Stege,54.987,12.2846,274.26,92,0,1.34,DK,1612117511
6,Maimbung,5.9272,121.0294,298.94,85,89,2.11,PH,1612117511
7,Cherskiy,68.75,161.3,242.79,80,99,2.56,RU,1612117511
8,Beringovskiy,63.05,179.3167,261.59,96,100,10.88,RU,1612117256
9,Teahupoo,-17.8333,-149.2667,301.15,65,40,2.06,PF,1612117512
10,Gamba,-2.65,10.0,299.17,86,83,2.21,GA,1612117512
11,Mataura,-46.1927,168.8643,286.15,70,100,0.76,NZ,1612117512
12,Rikitea,-23.1203,-134.9692,299.1,66,11,4.2,PF,1612117512
13,Klaksvík,62.2266,-6.589,270.15,68,75,2.57,FO,1612117247
14,Thompson,55.7435,-97.8558,263.15,85,90,1.03,CA,1612117513
15,Upernavik,72.7868,-56.1549,255.63,92,100,3.9,GL,1612117513
16,Bay Roberts,47.5999,-53.2648,274.26,100,90,8.23,CA,1612117513
17,Port Alfred,-33.5906,26.891,293.71,81,7,0.89,ZA,1612117513
18,Hamilton,39.1834,-84.5333,277.04,100,90,2.06,US,1612117266
19,Santa Isabel Rio Negro,-0.4139,-65.0192,303.04,74,72,1.33,BR,1612117514
20,Punta Arenas,-53.15,-70.9167,287.15,54,0,12.35,CL,1612117451
21,Del Rio,29.3627,-100.8968,294.15,24,1,5.14,US,1612117514
22,Barrow,71.2906,-156.7887,246.15,69,90,3.09,US,1612117497
23,Hobart,-42.8794,147.3294,289.15,72,27,2.57,AU,1612117229
24,Hithadhoo,-0.6,73.0833,301.34,75,100,5.87,MV,1612117514
25,Talara,-4.5772,-81.2719,303.15,54,0,6.69,PE,1612117514
26,Cape Town,-33.9258,18.4232,294.82,94,90,4.12,ZA,1612117422
27,Vostok,46.4856,135.8833,250.63,87,55,1.44,RU,1612117515
28,Paamiut,61.994,-49.6678,269.11,91,0,6.51,GL,1612117515
29,Changde,29.0464,111.6783,281.44,97,100,1.39,CN,1612117515
30,Naze,28.3667,129.4833,287.73,64,5,4.32,JP,1612117263
31,Fairbanks,64.8378,-147.7164,252.59,84,90,0.17,US,1612117515
32,Ribeira Grande,38.5167,-28.7,291.15,88,75,6.69,PT,1612117339
33,Bluff,-46.6,168.3333,286.23,83,92,2.71,NZ,1612117516
34,Norman Wells,65.282,-126.8329,244.15,76,75,1.03,CA,1612117516
35,Hasaki,35.7333,140.8333,275.15,55,75,4.12,JP,1612117516
36,Marrakesh,31.6315,-8.0083,294.15,40,0,4.12,MA,1612117297
37,The Valley,18.217,-63.0578,302.15,65,40,7.72,AI,1612117401
38,Torbay,47.6666,-52.7314,273.71,100,90,8.23,CA,1612117517
39,Havøysund,70.9963,24.6622,272.15,86,75,8.23,NO,1612117298
40,Mirny,62.5353,113.9611,236.5,83,98,1.54,RU,1612117517
41,Kapaa,22.0752,-159.319,295.37,83,40,6.69,US,1612117517
42,Hoa Binh,20.8133,105.3383,291.15,88,75,1.03,VN,1612117517
43,Coquimbo,-29.9533,-71.3436,295.15,68,20,7.72,CL,1612117488
44,Ilebo,-4.3167,20.5833,297.23,78,97,0.6,CD,1612117517
45,Opuwo,-18.0607,13.84,297.7,44,95,6.42,NA,1612117518
46,George Town,5.4112,100.3354,299.82,83,20,2.57,MY,1612117518
47,Lüderitz,-26.6481,15.1594,293.12,66,0,10.76,NA,1612117232
48,Kelso,46.1468,-122.9084,283.15,93,90,3.6,US,1612117518
49,Vaini,-21.2,-175.2,298.15,94,90,3.6,TO,1612117336
50,Qaanaaq,77.484,-69.3632,253.46,89,99,0.81,GL,1612117518
51,Busselton,-33.65,115.3333,290.37,81,0,0.45,AU,1612117255
52,Castro,-24.7911,-50.0119,296.13,75,98,4.7,BR,1612117519
53,Myaundzha,63.0494,147.1858,242.26,81,100,2.32,RU,1612117519
54,Avarua,-21.2078,-159.775,299.15,89,20,0.51,CK,1612117330
55,New Norfolk,-42.7826,147.0587,286.48,70,46,0.72,AU,1612117331
56,Jamestown,42.097,-79.2353,272.59,74,90,6.69,US,1612117519
57,Khatanga,71.9667,102.5,230.83,79,48,2.34,RU,1612117341
58,Buchanan,5.8808,-10.0467,302.15,79,75,4.12,LR,1612117520
59,Cabo San Lucas,22.8909,-109.9124,295.37,73,75,2.06,MX,1612117397
60,Atuona,-9.8,-139.0333,298.84,75,38,8.08,PF,1612117520
61,San Jose,37.3394,-121.895,288.71,51,75,6.17,US,1612117296
62,São Filipe,14.8961,-24.4956,297.65,62,4,4.51,CV,1612117521
63,Bambous Virieux,-20.3428,57.7575,300.37,78,40,5.66,MU,1612117521
64,Tulun,54.5611,100.5792,237.89,83,0,1.61,RU,1612117521
65,Juneau,58.3019,-134.4197,265.93,79,20,3.3,US,1612117450
66,Puerto Ayora,-0.7393,-90.3518,302.15,70,0,3.6,EC,1612117264
67,Kalabo,-14.97,22.6814,294.73,84,100,2.03,ZM,1612117522
68,Igarka,67.4667,86.5833,245.95,87,100,7.9,RU,1612117451
69,Ponta do Sol,32.6667,-17.1,291.15,77,40,1.54,PT,1612117522
70,Esso,55.9333,158.7,260.07,89,100,2.57,RU,1612117522
71,Lázaro Cárdenas,17.9583,-102.2,301.38,62,2,3.49,MX,1612117272
72,Scottsbluff,41.8666,-103.6672,279.26,39,1,5.66,US,1612117522
73,Ouagadougou,12.3642,-1.5383,304.15,12,3,2.06,BF,1612117343
74,Arraial do Cabo,-22.9661,-42.0278,304.15,51,0,10.29,BR,1612117523
75,Kumul,42.8,93.45,269.53,79,7,3.25,CN,1612117523
76,Lata,40.1629,-8.3327,288.15,97,100,1.79,PT,1612117523
77,Uyuni,-20.4597,-66.825,291.77,23,18,5.36,BO,1612117523
78,Northam,51.0333,-4.2167,278.15,93,100,2.24,GB,1612117523
79,Mar del Plata,-38.0023,-57.5575,292.59,68,90,7.72,AR,1612117524
80,Sitka,57.0531,-135.33,275.15,64,40,2.18,US,1612117524
81,Saskylakh,71.9167,114.0833,238.25,83,87,3.61,RU,1612117373
82,Ipirá,-12.1583,-39.7372,305.56,38,61,4.99,BR,1612117524
83,Narsaq,60.9167,-46.05,277.15,30,75,11.83,GL,1612117524
84,Sengiley,53.9622,48.7944,271.15,100,90,12.0,RU,1612117524
85,Liwale,-9.7667,37.9333,295.09,97,100,2.54,TZ,1612117525
86,Kieta,-6.2167,155.6333,300.57,79,100,5.39,PG,1612117525
87,Severo-Kuril'sk,50.6789,156.125,267.45,94,98,18.38,RU,1612117525
88,Deputatsky,69.3,139.9,236.71,86,98,0.66,RU,1612117525
89,Seoul,37.5683,126.9778,279.15,87,90,2.06,KR,1612117525
90,Mahébourg,-20.4081,57.7,300.15,78,40,5.66,MU,1612117374
91,São João da Barra,-21.6403,-41.0511,304.15,48,0,10.29,BR,1612117343
92,Isangel,-19.55,169.2667,298.71,81,69,6.07,VU,1612117526
93,Nikolskoye,59.7035,30.7861,269.26,93,90,4.0,RU,1612117338
94,Pevek,69.7008,170.3133,240.47,84,79,0.55,RU,1612117265
95,Samarai,-10.6167,150.6667,301.08,75,58,6.61,PG,1612117526
96,Shimoda,34.6667,138.95,275.37,62,79,3.16,JP,1612117526
97,Vao,-22.6667,167.4833,297.52,75,99,11.32,NC,1612117253
98,Cap Malheureux,-19.9842,57.6142,300.37,75,36,4.02,MU,1612117527
99,Kaitangata,-46.2817,169.8464,288.71,91,100,0.45,NZ,1612117527
100,Yārāda,17.65,83.2667,298.15,83,75,1.54,IN,1612117527
101,Homer,59.6425,-151.5483,265.15,79,1,1.54,US,1612117527
102,Tasiilaq,65.6145,-37.6368,263.15,57,75,2.06,GL,1612117527
103,Lorengau,-2.0226,147.2712,301.28,80,99,5.25,PG,1612117528
104,Maués,-3.3836,-57.7186,307.27,45,13,2.29,BR,1612117528
105,Bubaque,11.2833,-15.8333,299.19,69,95,5.88,GW,1612117420
106,Grand Gaube,-20.0064,57.6608,300.37,75,49,2.68,MU,1612117303
107,Mrakovo,52.7161,56.6244,266.85,93,18,2.37,RU,1612117529
108,Fortuna,40.5982,-124.1573,284.82,93,90,10.29,US,1612117529
109,Yellowknife,62.456,-114.3525,250.93,84,75,2.57,CA,1612117530
110,Tocopilla,-22.092,-70.1979,297.07,50,17,5.18,CL,1612117530
111,Carnarvon,-24.8667,113.6333,303.15,51,19,8.23,AU,1612117530
112,Hushitai,41.9322,123.5114,272.15,80,75,4.0,CN,1612117530
113,Flinders,-34.5833,150.8552,293.15,91,99,0.45,AU,1612117530
114,Faya,18.3851,42.4509,289.15,39,0,3.09,SA,1612117530
115,Lockhart,28.6194,-81.4426,299.15,47,20,7.72,US,1612117531
116,Hambantota,6.1241,81.1185,297.15,100,75,2.57,LK,1612117531
117,Port Blair,11.6667,92.75,299.72,79,0,5.34,IN,1612117531
118,Jumla,29.2747,82.1838,273.77,73,0,1.47,NP,1612117531
119,Arrondissement de Gap,44.6667,6.0,277.59,72,75,0.89,FR,1612117532
120,Bredasdorp,-34.5322,20.0403,291.48,90,37,3.58,ZA,1612117532
121,Petropavlovka,50.6114,105.3196,242.59,76,25,2.36,RU,1612117532
122,Bengkulu,-3.8004,102.2655,297.51,85,100,2.28,ID,1612117532
123,Dunedin,-45.8742,170.5036,289.26,69,100,2.34,NZ,1612117532
124,Matara,5.9485,80.5353,297.33,88,1,2.67,LK,1612117294
125,Codrington,-38.2667,141.9667,284.29,87,33,3.26,AU,1612117403
126,Kalamare,-22.9337,26.5703,295.17,81,83,2.0,BW,1612117533
127,Hilo,19.7297,-155.09,293.15,83,90,4.12,US,1612117533
128,Keffi,8.8486,7.8736,304.15,29,6,4.12,NG,1612117533
129,Los Llanos de Aridane,28.6585,-17.9182,292.15,77,20,6.69,ES,1612117533
130,Umluj,25.0213,37.2685,294.83,52,0,5.25,SA,1612117533
131,Malakal,9.5334,31.6605,301.44,18,0,2.84,SS,1612117534
132,Maningrida,-12.0667,134.2667,298.24,86,95,4.8,AU,1612117534
133,Salta,-24.7859,-65.4117,296.15,64,75,3.09,AR,1612117534
134,Lebu,-37.6167,-73.65,290.15,71,0,6.85,CL,1612117534
135,Lompoc,34.6391,-120.4579,285.37,81,1,3.6,US,1612117534
136,Okha,53.5739,142.9478,248.24,81,83,9.89,RU,1612117535
137,Port-Gentil,-0.7193,8.7815,301.15,83,40,2.06,GA,1612117281
138,Udomlya,57.8794,34.9925,266.7,97,99,2.92,RU,1612117482
139,Leningradskiy,69.3833,178.4167,242.5,85,67,4.13,RU,1612117547
140,Esmeraldas,-19.7625,-44.3139,304.15,42,75,3.09,BR,1612117547
141,San Rafael,-34.6177,-68.3301,286.07,87,100,5.79,AR,1612117548
142,Gebre Guracha,9.8,38.4,287.52,35,11,3.6,ET,1612117548
143,Sorong,-0.8833,131.25,300.07,80,100,2.74,ID,1612117548
144,Faanui,-16.4833,-151.75,300.4,75,97,5.07,PF,1612117548
145,Benguela,-12.5763,13.4055,298.88,72,67,2.72,AO,1612117548
146,Flin Flon,54.7682,-101.865,264.15,86,75,0.72,CA,1612117548
147,Stephenville,32.2207,-98.2023,284.15,46,1,6.17,US,1612117549
148,Sinnamary,5.3833,-52.95,300.16,74,43,6.44,GF,1612117549
149,Atar,20.5169,-13.0499,302.13,13,80,6.19,MR,1612117549
150,Batemans Bay,-35.7167,150.1833,290.37,96,88,1.15,AU,1612117268
151,Kruisfontein,-34.0033,24.7314,295.37,74,0,3.13,ZA,1612117549
152,Manaure,11.7751,-72.4445,303.59,52,87,12.44,CO,1612117549
153,Caravelas,-17.7125,-39.2481,302.17,59,16,4.66,BR,1612117550
154,Bethel,41.3712,-73.414,267.59,49,20,1.43,US,1612117405
155,Port Elizabeth,-33.918,25.5701,294.15,83,0,6.17,ZA,1612117550
156,Dali,25.7,100.1833,278.78,75,53,1.61,CN,1612117550
157,Vlorë,40.4667,19.4897,287.12,79,100,8.18,AL,1612117550
158,Tsimmerbude,54.675,20.1347,272.15,74,75,6.0,RU,1612117358
159,Geraldton,-28.7667,114.6,295.15,73,0,3.6,AU,1612117551
160,Nanortalik,60.1432,-45.2371,274.1,86,100,4.1,GL,1612117551
161,Saint-Philippe,-21.3585,55.7679,300.15,65,0,3.6,RE,1612117551
162,Lianran,24.9227,102.485,280.93,70,0,4.0,CN,1612117551
163,Hong Kong,22.2855,114.1577,291.48,77,41,4.6,HK,1612117353
164,Tadine,-21.55,167.8833,297.41,80,60,9.31,NC,1612117552
165,Tahe,52.3333,124.7333,238.87,84,80,1.05,CN,1612117553
166,Looc,12.2605,121.9926,298.19,78,54,6.53,PH,1612117553
167,Laguna,38.421,-121.4238,286.48,66,90,2.06,US,1612117553
168,Hermanus,-34.4187,19.2345,291.48,90,38,3.58,ZA,1612117553
169,Pitimbu,-7.4706,-34.8086,303.15,66,75,7.2,BR,1612117566
170,Anadyr,64.75,177.4833,255.37,85,90,13.0,RU,1612117566
171,Amapá,1.0,-52.0,299.75,92,31,1.93,BR,1612117566
172,Killybegs,54.6333,-8.45,277.15,87,90,7.72,IE,1612117566
173,Zima,53.9202,102.0442,236.52,81,0,1.09,RU,1612117566
174,Teruel,40.6667,-0.6667,290.15,66,0,9.26,ES,1612117566
175,San Quintín,30.4833,-115.95,289.21,55,93,0.46,MX,1612117567
176,Dikson,73.5069,80.5464,239.43,78,47,3.69,RU,1612117567
177,Hervey Bay,-25.2986,152.8535,296.48,100,5,3.09,AU,1612117567
178,Saint Anthony,45.0205,-93.218,273.71,80,90,3.09,US,1612117567
179,Kotovo,50.3211,44.8012,275.12,98,100,6.79,RU,1612117567
180,San Cristobal,7.7669,-72.225,306.15,35,20,9.26,VE,1612117567
181,Englehart,47.8169,-79.8664,255.15,85,1,1.94,CA,1612117568
182,Cidreira,-30.1811,-50.2056,301.19,76,99,2.3,BR,1612117292
183,Husavik,66.0449,-17.3389,259.15,78,0,1.03,IS,1612117568
184,Zyryanka,65.75,150.85,239.27,83,100,7.71,RU,1612117568
185,Kodinsk,58.6881,99.1844,234.32,79,4,0.94,RU,1612117568
186,Itaituba,-4.2761,-55.9836,300.15,83,40,1.66,BR,1612117568
187,Mandalgovi,45.7625,106.2708,249.29,79,24,9.41,MN,1612117569
188,Dauphin,51.1494,-100.0502,266.15,86,90,1.2,CA,1612117569
189,Mitsamiouli,-11.3847,43.2844,301.3,72,33,4.02,KM,1612117569
190,Tuktoyaktuk,69.4541,-133.0374,238.15,75,75,1.03,CA,1612117569
191,Butaritari,3.0707,172.7902,300.2,81,64,5.72,KI,1612117569
192,Mehamn,71.0357,27.8492,270.15,86,75,6.17,NO,1612117364
193,Candelaria,13.9311,121.4233,295.93,92,76,2.77,PH,1612117571
194,Evensk,61.95,159.2333,250.93,80,100,7.67,RU,1612117572
195,Pisco,-13.7,-76.2167,298.15,61,0,3.6,PE,1612117308
196,Airai,-8.9266,125.4092,289.43,100,100,1.52,TL,1612117573
197,Sangar,63.9242,127.4739,229.64,77,81,2.53,RU,1612117394
198,Sambava,-14.2667,50.1667,299.79,80,2,3.62,MG,1612117574
199,Thinadhoo,0.5333,72.9333,301.29,74,100,5.37,MV,1612117574
200,Kigoma,-4.8769,29.6267,297.98,74,96,1.74,TZ,1612117574
201,Melo,-32.3667,-54.1833,296.86,83,100,8.14,UY,1612117575
202,Itarantim,-15.6597,-40.0656,301.04,64,57,5.56,BR,1612117575
203,Ambilobe,-13.2,49.05,297.59,91,84,0.45,MG,1612117575
204,Santa Maria,-29.6842,-53.8069,298.15,83,75,2.57,BR,1612117575
205,La Libertad,-2.2333,-80.9,303.15,66,0,3.09,EC,1612117575
206,Mil'kovo,54.7167,158.6167,259.57,94,100,2.37,RU,1612117576
207,Dicabisagan,17.0818,122.4157,295.17,82,97,3.74,PH,1612117280
208,Varel,53.3969,8.1362,270.37,93,100,1.54,DE,1612117577
209,Coyhaique,-45.5752,-72.0662,298.15,29,20,3.09,CL,1612117402
210,Tilichiki,60.4667,166.1,249.99,91,100,8.61,RU,1612117577
211,Mareeba,-17.0,145.4333,298.15,83,96,2.57,AU,1612117577
212,Bhatkal,13.9667,74.5667,298.49,63,1,2.11,IN,1612117577
213,Kiryat Gat,31.61,34.7642,288.15,100,0,1.34,IL,1612117335
214,São Raimundo Nonato,-9.0153,-42.6994,305.89,38,88,2.97,BR,1612117579
215,Eilat,29.5581,34.9482,293.15,45,0,2.47,IL,1612117579
216,East London,-33.0153,27.9116,296.15,88,0,1.54,ZA,1612117581
217,Lavrentiya,65.5833,-171.0,250.02,86,100,5.96,RU,1612117581
218,Pingxiang,27.6167,113.85,284.19,84,92,0.75,CN,1612117581
219,Toora-Khem,52.4675,96.11,243.98,84,34,0.81,RU,1612117581
220,Santa Rosa,14.3122,121.1114,297.15,78,75,5.3,PH,1612117583
221,Daoukro,7.0591,-3.9631,306.01,35,50,0.55,CI,1612117583
222,Ust-Kuyga,70.0167,135.6,234.24,80,98,1.88,RU,1612117294
223,Garoua,9.3,13.4,300.15,22,0,1.03,CM,1612117583
224,Henties Bay,-22.116,14.2845,292.04,83,83,4.81,NA,1612117583
225,Bo Rai,12.5728,102.5371,295.25,71,15,0.37,TH,1612117584
226,Ampanihy,-24.7,44.75,299.02,78,38,2.09,MG,1612117584
227,Constitución,-35.3333,-72.4167,291.65,72,24,3.79,CL,1612117584
228,Skjervøy,70.0311,20.9714,266.15,93,75,1.54,NO,1612117584
229,Amarillo,35.222,-101.8313,282.59,46,1,8.23,US,1612117322
230,Vestmannaeyjar,63.4427,-20.2734,274.15,75,40,10.29,IS,1612117307
231,Malakwal,32.5536,73.2123,286.19,39,37,2.38,PK,1612117585
232,Clarksburg,39.2807,-80.3445,276.15,93,90,2.57,US,1612117586
233,Bilibino,68.0546,166.4372,247.12,83,100,2.77,RU,1612117586
234,Lishui,28.4604,119.9103,285.83,85,33,0.72,CN,1612117586
235,Takoradze,4.8845,-1.7554,300.68,81,88,4.64,GH,1612117587
236,Yarkovo,57.4028,67.0786,259.98,95,67,1.54,RU,1612117587
237,Posse,-14.0931,-46.3694,303.42,41,27,0.68,BR,1612117587
238,Manggar,-2.8833,108.2667,299.28,85,98,4.88,ID,1612117587
239,Vanimo,-2.6741,141.3028,298.4,89,100,4.87,PG,1612117588
240,Ponta Delgada,37.7333,-25.6667,290.93,88,75,7.2,PT,1612117588
241,Kavieng,-2.5744,150.7967,301.54,81,98,4.9,PG,1612117588
242,Olafsvik,64.8945,-23.7142,271.09,95,100,4.63,IS,1612117588
243,Abalak,58.1286,68.5944,259.69,97,95,1.46,RU,1612117588
244,Yokadouma,3.5167,15.05,299.23,58,82,1.22,CM,1612117588
245,Kawalu,-7.3817,108.2082,295.66,87,99,1.22,ID,1612117589
246,Saint Lawrence,36.0553,14.204,287.04,76,40,5.14,MT,1612117589
247,Brae,60.3964,-1.353,273.15,80,40,4.12,GB,1612117589
248,Broome,42.2506,-75.833,268.15,71,100,1.34,US,1612117589
249,Xingyi,24.1877,102.817,280.61,95,39,1.71,CN,1612117589
250,Port Lincoln,-34.7333,135.8667,289.61,80,93,4.81,AU,1612117376
251,Severodvinsk,64.5635,39.8302,268.15,93,90,2.0,RU,1612117467
252,Mouzourás,35.5333,24.15,288.15,88,20,3.09,GR,1612117590
253,Salalah,17.0151,54.0924,296.15,64,0,1.54,OM,1612117386
254,Nome,64.5011,-165.4064,252.59,59,1,3.6,US,1612117294
255,Souillac,-20.5167,57.5167,300.15,78,40,5.66,MU,1612117590
256,Lagoa,39.05,-27.9833,289.76,89,100,12.46,PT,1612117591
257,Bereda,43.2686,-7.5406,285.93,90,97,5.81,ES,1612117591
258,Wellington,-41.2866,174.7756,287.15,82,39,5.66,NZ,1612117292
259,Aklavik,68.2191,-135.0107,248.15,77,90,4.63,CA,1612117591
260,Ondarroa,43.3167,-2.4167,285.37,69,80,2.35,ES,1612117591
261,Irun,43.339,-1.7894,285.37,94,20,0.51,ES,1612117591
262,Grindavik,63.8424,-22.4338,271.15,74,75,4.12,IS,1612117318
263,Praia,14.9215,-23.5087,299.15,50,0,8.23,CV,1612117592
264,Chui,-33.6971,-53.4616,293.76,85,100,7.59,UY,1612117592
265,Novobirilyussy,56.9514,90.6661,242.62,84,72,2.51,RU,1612117592
266,Kaeo,-35.1,173.7833,285.93,93,0,2.24,NZ,1612117593
267,Saint George,37.1041,-113.5841,282.04,75,1,1.93,US,1612117426
268,Syracuse,37.0881,15.2792,285.93,71,20,4.63,IT,1612117593
269,Kasangulu,-4.5911,15.1708,298.15,78,75,6.17,CD,1612117593
270,Blacklick Estates,39.9051,-82.8643,275.93,93,90,4.63,US,1612117392
271,Oeiras,-7.0253,-42.1311,305.23,47,100,2.08,BR,1612117593
272,Koslan,63.4564,48.8989,267.42,97,100,4.0,RU,1612117594
273,Chimoio,-19.1164,33.4833,298.15,94,20,3.09,MZ,1612117595
274,Tiksi,71.6872,128.8694,240.62,86,100,3.02,RU,1612117595
275,Tevriz,57.509,72.4042,257.83,95,90,1.85,RU,1612117595
276,Buraidah,26.326,43.975,290.15,48,0,2.06,SA,1612117526
277,Neuquén,-38.9516,-68.0591,293.15,60,75,3.6,AR,1612117374
278,Kenai,60.5544,-151.2583,257.04,70,1,1.54,US,1612117596
279,Chara,56.9064,118.2631,237.42,75,100,1.51,RU,1612117596
280,Chokurdakh,70.6333,147.9167,239.48,85,18,4.71,RU,1612117596
281,Nanchang,28.6833,115.8833,283.07,82,100,1.32,CN,1612117596
282,Alofi,-19.0595,-169.9187,297.15,100,100,3.09,NU,1612117597
283,Kondinskoye,59.6481,67.41,258.39,94,91,2.05,RU,1612117597
284,Oodweyne,9.4092,45.064,293.46,37,8,4.76,SO,1612117597
285,Melfi,40.9965,15.6514,279.82,93,90,7.72,IT,1612117597
286,Longyearbyen,78.2186,15.6401,253.15,45,20,7.72,SJ,1612117358
287,Camaná,-16.6228,-72.7111,297.34,61,37,4.83,PE,1612117598
288,Talnakh,69.4865,88.3972,240.0,73,2,4.22,RU,1612117310
289,Nizhnyaya Poyma,56.1622,97.1933,236.73,82,0,1.3,RU,1612117598
290,Mokshan,53.4365,44.6132,273.71,99,100,9.67,RU,1612117598
291,Morant Bay,17.8815,-76.4093,303.15,65,40,11.32,JM,1612117598
292,Vuktyl,63.8567,57.3094,266.21,95,100,5.33,RU,1612117599
293,Erdaojiang,41.7764,126.0319,271.76,98,92,2.37,CN,1612117599
294,Otukpo,7.1913,8.1329,304.48,15,14,1.85,NG,1612117599
295,Sirte,31.2089,16.5887,294.63,29,7,4.43,LY,1612117444
296,Sur,22.5667,59.5289,294.25,55,0,2.49,OM,1612117396
297,Mount Gambier,-37.8333,140.7667,284.15,100,66,2.06,AU,1612117599
298,Batagay-Alyta,67.8006,130.4114,237.02,82,100,0.87,RU,1612117600
299,Esperance,-33.8667,121.9,288.15,88,0,3.09,AU,1612117392
300,Arlit,18.7369,7.3853,294.81,17,27,2.89,NE,1612117600
301,Bristol,41.8334,-71.1662,269.26,54,1,1.54,US,1612117345
302,Bhātāpāra,21.7333,81.9333,291.15,32,0,1.03,IN,1612117600
303,Kattivākkam,13.2167,80.3167,298.15,78,20,2.06,IN,1612117600
304,Pangody,65.85,74.4859,251.83,91,100,4.4,RU,1612117600
305,Egvekinot,66.3167,-179.1667,247.79,86,100,7.67,RU,1612117601
306,Broken Hill,-31.95,141.4333,296.15,28,75,3.09,AU,1612117601
307,Vanavara,60.34,102.2797,234.78,82,60,2.06,RU,1612117601
308,Yar-Sale,66.8333,70.8333,251.64,91,100,3.23,RU,1612117601
309,Avera,33.194,-82.5271,287.15,96,90,2.57,US,1612117377
310,Westport,41.1415,-73.3579,269.26,45,1,1.83,US,1612117601
311,La Ronge,55.1001,-105.2842,264.15,79,48,2.06,CA,1612117601
312,Forsytheganj,52.6333,29.7333,266.37,97,46,4.39,BY,1612117602
313,Oeiras do Pará,-2.0031,-49.8544,305.18,54,36,2.36,BR,1612117602
314,Luau,-10.7073,22.2247,293.22,94,100,1.25,AO,1612117602
315,Hofn,64.2539,-15.2082,269.67,79,0,5.11,IS,1612117602
316,Dudinka,69.4058,86.1778,245.48,84,84,4.56,RU,1612117602
317,Bonavista,48.6499,-53.1147,273.15,93,100,3.09,CA,1612117602
318,Amahai,-3.3333,128.9167,299.17,77,100,1.79,ID,1612117603
319,Oussouye,12.485,-16.5469,308.15,74,0,2.06,SN,1612117603
320,Petropavl,54.8753,69.1628,258.24,93,76,1.89,KZ,1612117603
321,Vallenar,-28.5708,-70.7581,304.38,21,0,5.76,CL,1612117603
322,Kasama,-10.2129,31.1808,291.6,92,100,1.61,ZM,1612117604
323,Yeppoon,-23.1333,150.7333,296.15,83,40,2.06,AU,1612117604
324,Coimbra,40.2056,-8.4195,288.15,94,100,1.34,PT,1612117604
325,Pochutla,15.7432,-96.4661,305.37,40,1,3.18,MX,1612117604
326,Antalaha,-14.9003,50.2788,298.68,80,4,2.4,MG,1612117604
327,Payson,40.0444,-111.7321,275.37,69,40,2.57,US,1612117604
328,Bonito,-21.1211,-56.4819,301.83,75,100,3.85,BR,1612117605
329,Vila Franca do Campo,37.7167,-25.4333,290.93,88,75,7.2,PT,1612117605
330,Ranong,9.9658,98.6348,296.29,85,10,2.07,TH,1612117605
331,Antofagasta,-23.65,-70.4,296.48,60,20,7.72,CL,1612117367
332,Sobolevo,54.4299,31.8996,267.69,96,93,6.38,RU,1612117605
333,Meulaboh,4.1363,96.1285,297.89,87,79,2.15,ID,1612117605
334,Half Moon Bay,37.4636,-122.4286,288.15,54,1,3.6,US,1612117606
335,Vysokogornyy,50.1167,139.15,242.04,84,95,1.46,RU,1612117606
336,Kangaatsiaq,68.3065,-53.4641,258.17,94,97,4.26,GL,1612117316
337,Margate,51.3813,1.3862,277.04,97,100,0.89,GB,1612117606
338,Saint Paul Harbor,57.79,-152.4072,270.15,54,1,2.57,US,1612117606
339,Taoudenni,22.6783,-3.9836,298.68,16,0,3.57,ML,1612117607
340,Kununurra,-15.7667,128.7333,299.15,83,75,1.03,AU,1612117440
341,Acapulco de Juárez,16.8634,-99.8901,302.15,70,20,3.09,MX,1612117505
342,Haines Junction,60.7522,-137.5108,248.15,84,86,0.78,CA,1612117608
343,Bathsheba,13.2167,-59.5167,302.15,58,20,10.8,BB,1612117608
344,Ostrovnoy,68.0531,39.5131,262.68,94,94,2.92,RU,1612117608
345,Joensuu,62.6012,29.7632,266.15,93,90,0.51,FI,1612117608
346,Changzhou,31.7833,119.9667,283.15,95,100,1.44,CN,1612117608
347,Puerto Colombia,10.9878,-74.9547,304.15,58,0,7.2,CO,1612117609
348,Port Hedland,-20.3167,118.5667,298.15,88,75,8.75,AU,1612117432
349,Sulangan,11.1373,123.7228,299.52,77,84,8.62,PH,1612117609
350,Taguatinga,-12.3857,-46.5711,306.93,37,83,0.98,BR,1612117609
351,Muroto-misakicho,33.2833,134.15,284.0,59,12,1.52,JP,1612117609
352,Christchurch,-43.5333,172.6333,286.48,94,40,1.35,NZ,1612117609
353,Ishigaki,24.3448,124.1572,293.37,71,45,6.55,JP,1612117610
354,Svetlaya,46.5389,138.3297,255.62,81,42,2.29,RU,1612117610
355,Ust'-Omchug,61.15,149.6333,238.65,79,100,3.84,RU,1612117610
356,Marzuq,14.4,46.4667,290.64,60,0,0.11,YE,1612117610
357,Tuban,-6.8976,112.0649,298.54,85,100,7.13,ID,1612117611
358,Wuwei,37.9281,102.6414,269.2,67,0,2.52,CN,1612117612
359,Bud,39.447,-86.1758,275.37,98,100,2.66,US,1612117613
360,Saldanha,-33.0117,17.9442,292.31,89,41,2.87,ZA,1612117613
361,Mayumba,-3.432,10.6554,299.72,83,44,2.69,GA,1612117613
362,Seminole,28.7086,-81.2081,299.15,44,1,7.2,US,1612117613
363,Carora,10.1755,-70.0827,306.78,33,70,8.18,VE,1612117613
364,Ileza,61.0533,43.9002,266.68,98,100,2.2,RU,1612117613
365,Ancud,-41.8697,-73.8203,294.15,43,0,3.09,CL,1612117614
366,Zaysan,47.4667,84.8667,256.99,85,37,0.61,KZ,1612117614
367,Port Hardy,50.6996,-127.4199,280.15,87,75,2.57,CA,1612117614
368,Angoram,-4.0625,144.0661,296.4,98,100,1.9,PG,1612117614
369,Buala,-8.145,159.5921,300.32,81,99,6.05,SB,1612117614
370,Hailar,49.2,119.7,243.1,85,98,4.07,CN,1612117615
371,Provideniya,64.3833,-173.3,251.18,87,100,10.64,RU,1612117317
372,Kiruna,67.8557,20.2251,264.15,92,90,5.14,SE,1612117615
373,San Ramon,37.7799,-121.978,287.59,62,1,2.57,US,1612117615
374,Sørland,67.667,12.6934,273.15,59,40,4.12,NO,1612117333
375,Borgarnes,64.5383,-21.9206,271.15,59,0,5.66,IS,1612117616
376,Zhigansk,66.7697,123.3711,230.41,75,23,1.48,RU,1612117443
377,Abonnema,4.7084,6.7931,304.15,62,20,3.09,NG,1612117616
378,Ledyard Center,41.4398,-72.0142,268.71,45,1,2.06,US,1612117616
379,Vienna,48.2085,16.3721,273.71,80,75,1.03,AT,1612117377
380,Manokwari,-0.8667,134.0833,298.82,80,100,3.74,ID,1612117616
381,Byron Bay,-28.65,153.6167,295.15,73,40,2.57,AU,1612117617
382,Kavaratti,10.5669,72.642,300.66,74,0,3.63,IN,1612117416
383,West Fargo,46.875,-96.9004,270.15,80,90,4.12,US,1612117355
384,Daru,-9.0763,143.2092,298.81,87,98,4.96,PG,1612117617
385,Mikhaylovka,50.06,43.2379,275.93,86,100,6.71,RU,1612117617
386,College,64.8569,-147.8028,252.59,77,90,0.11,US,1612117580
387,Calama,-22.4667,-68.9333,298.15,9,0,10.29,CL,1612117446
388,Burnie,-41.0667,145.9167,288.74,88,53,1.99,AU,1612117618
389,Sovetskiy,61.3614,63.5842,253.81,93,79,2.47,RU,1612117618
390,Laas,46.6166,10.7002,275.37,74,0,2.57,IT,1612117618
391,Riohacha,11.5444,-72.9072,304.0,52,92,9.68,CO,1612117611
392,Havre-St-Pierre,50.2334,-63.5986,270.15,54,20,4.63,CA,1612117618
393,Iqaluit,63.7506,-68.5145,252.15,71,75,1.03,CA,1612117369
394,Chiredzi,-21.05,31.6667,298.59,72,51,3.32,ZW,1612117619
395,Abnūb,27.2696,31.1511,291.15,42,0,2.81,EG,1612117619
396,Nioro,13.35,-15.75,310.59,8,66,3.33,GM,1612117619
397,Setermoen,68.861,18.3486,258.15,92,75,1.03,NO,1612117619
398,Terrace,54.5163,-128.6035,269.15,86,90,9.26,CA,1612117619
399,Bambanglipuro,-7.95,110.2833,298.64,82,100,1.72,ID,1612117619
400,Porto Belo,-27.1578,-48.5531,306.15,49,0,3.09,BR,1612117620
401,Pyshchug,58.8873,45.7134,272.29,99,100,5.64,RU,1612117620
402,Kalmunai,7.4167,81.8167,298.07,88,1,2.89,LK,1612117620
403,Manono,-7.3,27.4167,296.26,93,100,1.21,CD,1612117620
404,Taltal,-25.4,-70.4833,295.38,58,12,2.54,CL,1612117620
405,Yerofey Pavlovich,53.9667,121.9667,239.45,80,99,0.95,RU,1612117621
406,Hobyo,5.3505,48.5268,297.79,74,42,7.21,SO,1612117621
407,Wąbrzeźno,53.2799,18.9477,271.48,82,37,0.89,PL,1612117621
408,Hanzhong,33.0728,107.0303,281.45,51,95,1.18,CN,1612117621
409,Lao Cai,22.4833,103.95,289.46,84,99,0.23,VN,1612117621
410,Isla Mujeres,21.2311,-86.731,300.15,69,75,6.17,MX,1612117452
411,Hirara,24.8,125.2833,292.94,69,55,7.8,JP,1612117622
412,Bukama,-9.2,25.85,295.64,88,100,0.64,CD,1612117622
413,Ōfunato,39.0717,141.7167,269.09,92,16,3.14,JP,1612117622
414,Thunder Bay,48.4001,-89.3168,272.59,93,90,5.66,CA,1612117549
415,Verkhnyaya Inta,65.9811,60.3094,259.83,91,70,2.43,RU,1612117623
416,Clyde River,70.4692,-68.5914,252.15,77,1,2.06,CA,1612117623
417,Puerto Ayacucho,5.6639,-67.6236,307.36,46,43,2.91,VE,1612117623
418,Maniitsoq,65.4167,-52.9,263.36,74,0,2.69,GL,1612117623
419,Batagay,67.6333,134.6333,227.9,76,83,0.35,RU,1612117624
420,Puerto Carreño,6.189,-67.4859,307.35,42,86,5.39,CO,1612117624
421,Dubrovnik,42.6481,18.0922,283.15,93,75,2.57,HR,1612117624
422,Jalu,29.0331,21.5482,292.51,25,0,4.75,LY,1612117624
423,Gazojak,41.1875,61.4036,277.65,68,87,1.44,TM,1612117624
424,Potrero del Llano,21.05,-97.6833,300.15,57,20,5.14,MX,1612117624
425,Bandarbeyla,9.4942,50.8122,296.87,68,0,7.8,SO,1612117625
426,Wanaka,-44.7,169.15,284.85,61,100,0.62,NZ,1612117625
427,Omboué,-1.5746,9.2618,298.9,85,89,1.91,GA,1612117625
428,Zapolyarnyy,69.4154,30.8136,265.15,86,0,2.57,RU,1612117625
429,Metro,-5.1131,105.3067,297.17,91,100,1.97,ID,1612117625
430,Mezhdurechensk,53.6942,88.0603,255.95,87,69,1.71,RU,1612117626
431,Vilyuysk,63.7553,121.6247,229.54,77,84,2.39,RU,1612117626
432,Doha,25.2867,51.5333,291.15,55,0,4.63,QA,1612117487
433,Marawi,7.9986,124.2928,297.04,91,100,0.55,PH,1612117626
434,Saint-Joseph,-21.3667,55.6167,300.15,65,0,3.6,RE,1612117626
435,Port-Cartier,50.0334,-66.8654,271.15,54,4,3.6,CA,1612117626
436,Teacapan,22.55,-105.75,300.09,41,0,2.65,MX,1612117627
437,Kholodnyy,62.7167,147.95,240.36,81,100,1.94,RU,1612117627
438,Clarence Town,-32.5833,151.7833,295.15,94,90,2.57,AU,1612117628
439,Kysyl-Syr,63.8986,122.7617,229.63,76,91,2.63,RU,1612117628
440,Trivandrum,8.4833,76.9167,302.15,70,40,1.27,IN,1612117628
441,Carballo,43.213,-8.691,287.04,83,100,5.81,ES,1612117628
442,Nhulunbuy,-12.2333,136.7667,298.15,94,66,2.06,AU,1612117628
443,Iquitos,-3.7481,-73.2472,298.15,88,75,2.57,PE,1612117459
444,Ossett,53.6798,-1.5801,275.93,71,100,0.45,GB,1612117629
445,Maceió,-9.6658,-35.7353,303.15,66,40,5.66,BR,1612117629
446,Sabha,27.0377,14.4283,291.01,24,0,4.25,LY,1612117388
447,Puerto Escondido,15.85,-97.0667,303.15,70,20,3.6,MX,1612117629
448,Romny,50.751,33.4747,266.63,97,42,3.33,UA,1612117629
449,Saint-Leu,-21.15,55.2833,300.15,65,0,3.6,RE,1612117630
450,Glencoe,-28.1783,30.147,293.3,86,31,2.89,ZA,1612117630
451,Sibolga,1.7427,98.7792,297.14,81,92,2.17,ID,1612117630
452,Hämeenlinna,60.996,24.4643,265.93,92,90,1.54,FI,1612117631
453,Codajás,-3.8367,-62.0569,304.06,65,12,2.44,BR,1612117631
454,Mugur-Aksy,50.35,90.5,258.69,66,51,1.32,RU,1612117631
455,Luleå,65.5842,22.1547,263.15,92,90,2.06,SE,1612117631
456,Padang,-0.9492,100.3543,298.49,78,97,2.03,ID,1612117424
457,Avilés,43.5547,-5.9248,290.93,67,75,11.32,ES,1612117632
458,Zhangye,38.9342,100.4517,267.88,68,0,2.15,CN,1612117632
459,Caceres,39.522,-6.3748,287.04,91,93,3.58,ES,1612117493
460,Nuuk,64.1835,-51.7216,264.15,86,20,5.66,GL,1612117528
461,Aykhal,66.0,111.5,233.54,79,100,4.35,RU,1612117632
462,Yumen,40.2833,97.2,268.49,66,0,3.84,CN,1612117632
463,Nísia Floresta,-6.0911,-35.2086,303.15,62,20,8.75,BR,1612117633
464,Houma,29.5958,-90.7195,297.59,60,1,7.2,US,1612117633
465,Bom Jesus,-9.0744,-44.3586,307.92,32,34,2.86,BR,1612117633
466,Ankazobe,-18.3167,47.1167,293.15,88,40,4.12,MG,1612117633
467,Hāgere Hiywet,8.9833,37.85,289.44,31,35,3.79,ET,1612117633
468,Wah,33.798,72.6957,283.44,45,72,1.52,PK,1612117633
469,Saint-Felix-de-Valois,46.1668,-73.4324,259.15,51,0,1.03,CA,1612117634
470,Morondava,-20.2833,44.2833,301.84,70,54,3.18,MG,1612117634
471,Adeje,28.1227,-16.726,294.26,64,0,7.2,ES,1612117634
472,Nipawin,53.3668,-104.0009,262.15,92,90,1.54,CA,1612117394
473,Katsuura,35.1333,140.3,279.15,42,75,3.6,JP,1612117634
474,Goderich,43.7501,-81.7165,270.15,68,100,8.75,CA,1612117635
475,Touros,-5.1989,-35.4608,303.15,54,20,7.2,BR,1612117635
476,Birao,10.2849,22.7882,299.98,17,0,2.47,CF,1612117635
477,Ullapool,57.8987,-5.1604,272.59,91,90,0.89,GB,1612117635
478,Qaqortoq,60.7167,-46.0333,277.15,30,75,11.83,GL,1612117635
479,Stromness,58.965,-3.296,273.15,86,40,2.06,GB,1612117636
480,Fort Nelson,58.8053,-122.7002,247.15,76,75,1.03,CA,1612117636
481,Russell,32.3502,-85.1999,291.15,88,75,2.06,US,1612117364
482,Morgan City,29.6994,-91.2068,295.15,53,1,6.69,US,1612117573
483,Petropavlovsk-Kamchatskiy,53.0452,158.6483,264.15,67,77,3.0,RU,1612117636
484,Vila Velha,-20.3297,-40.2925,304.82,62,20,9.26,BR,1612117342
485,Belmonte,-15.8631,-38.8828,303.15,70,40,3.09,BR,1612117637
486,Puerto López,4.0845,-72.956,309.06,31,74,4.48,CO,1612117637
487,Guerrero Negro,27.9769,-114.0611,291.5,35,92,0.65,MX,1612117607
488,Andapa,-14.65,49.65,294.27,90,18,0.28,MG,1612117637
489,Kathmandu,27.7167,85.3167,280.15,76,20,1.54,NP,1612117633
490,Mława,53.1128,20.3841,270.15,74,75,5.66,PL,1612117637
491,Xinan,26.72,119.8556,286.37,87,0,2.97,CN,1612117638
492,Dzaoudzi,-12.7887,45.2699,301.15,74,0,3.09,YT,1612117638
493,Katherine,-14.4667,132.2667,298.15,88,99,2.57,AU,1612117638
494,Horadiz,39.4488,47.3353,279.15,81,0,2.06,AZ,1612117638
495,Nakamura,32.9833,132.9333,278.09,82,0,1.26,JP,1612117638
496,San Antonio,29.4241,-98.4936,294.15,26,1,7.2,US,1612117451
497,São José da Coroa Grande,-8.8978,-35.1478,301.25,69,47,5.34,BR,1612117639
498,Puerto del Rosario,28.5004,-13.8627,295.15,56,0,5.14,ES,1612117639
499,Nadym,65.5333,72.5167,253.59,92,100,3.2,RU,1612117451
500,Logan Lake,50.4998,-120.8025,277.59,75,75,4.63,CA,1612117639
501,Fare,-16.7,-151.0167,300.4,74,98,5.1,PF,1612117639
502,Anju,39.6178,125.6647,275.51,95,100,2.7,KP,1612117639
503,Antsohihy,-14.8796,47.9875,298.41,91,89,0.86,MG,1612117640
504,São Gabriel da Cachoeira,-0.1303,-67.0892,302.88,75,77,0.78,BR,1612117523
505,Río Gallegos,-51.6226,-69.2181,297.15,17,0,9.77,AR,1612117640
506,Taunggyi,20.7833,97.0333,283.47,62,21,1.33,MM,1612117640
507,Sabadell,41.5433,2.1094,289.26,58,0,3.6,ES,1612117640
508,Dakoro,14.5106,6.765,295.92,18,7,2.42,NE,1612117640
509,Inta,66.0317,60.1659,260.16,91,69,2.66,RU,1612117641
510,Fukuechō,32.6881,128.8419,287.72,71,74,10.93,JP,1612117641
511,Nelson Bay,-32.7167,152.15,295.15,94,90,2.57,AU,1612117641
512,Ilulissat,69.2167,-51.1,260.15,52,90,9.77,GL,1612117641
513,Ixtapa,20.7,-105.2,298.15,57,1,2.57,MX,1612117641
514,Kulhudhuffushi,6.6221,73.07,301.01,73,31,4.02,MV,1612117641
515,Upata,8.0086,-62.3989,302.74,56,77,4.1,VE,1612117641
516,Galle,6.0367,80.217,297.27,87,34,1.5,LK,1612117642
517,Ōhara,35.25,140.3833,279.15,55,75,4.12,JP,1612117642
518,Itarema,-2.9248,-39.9167,303.63,62,93,7.6,BR,1612117642
519,Zaria,11.1113,7.7227,299.37,17,15,4.62,NG,1612117642
520,Maykop,44.6078,40.1058,279.47,81,97,1.76,RU,1612117642
521,Tessalit,20.1986,1.0114,295.4,16,56,4.32,ML,1612117642
522,Shchors,51.8186,31.945,265.73,96,27,4.14,UA,1612117643
523,Turukhansk,65.8167,87.9833,247.26,83,100,4.81,RU,1612117643
